<?xml version="1.0"?>
<?xml-stylesheet type="text/xsl" href="translateXMLtoINI.xsl"?>
<sections>
	<comment>This is a file-level comment &amp; that contains an ampersand</comment>
	<section name="section1">
		<comment>Section1-specific comment</comment>
		<key name="key1">Value1<comment>Key1-specific comment</comment>
		</key>
	</section>
	<section name="section2">
		<key name="key1">Value1</key>
		<key name="key2">Value2</key>
	</section>
	<section name="section3">
		<key name="key1">Value1</key>
		<key name="key2">Value2</key>
	</section>
</sections>
